Date,Price
1393/02/08,78151.30
1393/02/09,78164.30
1393/02/10,78164.30
1393/02/11,78164.30
1393/02/12,77939
1393/02/13,77569.20
1393/02/14,77763.80
1393/02/15,77717.30
1393/02/16,77752.40
1393/02/17,77752.40
1393/02/18,77752.40
1393/02/19,77931
1393/02/20,77734.20
1393/02/21,77596.40
1393/02/22,77596.40
1393/02/23,77610.20
1393/02/24,77610.20
1393/02/25,77610.20
1393/02/26,76901.80
1393/02/27,76987.50
1393/02/28,76528.90
1393/02/29,76634.40
1393/02/30,76767.60
1393/03/02,76703.90
1393/03/03,76394.20
1393/03/04,76212
1393/03/06,76067.80
1393/03/09,75687.10
1393/03/10,74543.40
1393/03/11,74735.90
1393/03/12,75102.80
1393/03/16,75329.50
1393/03/17,75353.50
1393/03/18,75240.50
1393/03/19,74836.70
1393/03/20,74499.10
1393/03/23,73516
1393/03/24,72631.80
1393/03/25,72748.80
1393/03/26,72638
1393/03/27,72873.10
1393/03/30,72969
1393/03/31,72900.80
1393/04/01,72544.90
1393/04/02,72344.40
1393/04/03,72249.90
1393/04/13,72162.20
1393/04/14,71960.20
1393/04/15,71916.60
1393/04/16,73025
1393/04/17,73416.40
1393/04/20,73555.90
1393/04/21,73226.20
1393/04/22,73347.40
1393/04/23,73457.90
1393/04/24,73754.20
1393/04/28,73750.20
1393/04/29,73890.50
1393/04/30,74526.10
1393/04/31,74841.60
1393/05/03,74840.30
1393/05/04,74848
1393/05/05,74997.60
1393/05/10,74841
1393/05/11,74637.40
1393/05/12,74709.20
1393/05/13,74697.50
1393/05/14,74613.80
1393/05/17,74398.60
1393/05/18,74398.90
1393/05/19,74547.50
1393/05/20,74455.10
1393/05/21,74414.30
1393/05/22,74363
1393/05/24,74051
1393/05/25,73952.60
1393/05/26,73906.80
1393/05/27,73902.60
1393/05/28,73905.70
1393/05/31,73868
1393/06/01,73529.50
1393/06/02,73499.90
1393/06/03,73540.90
1393/06/04,73312.20
1393/06/07,72941.80
1393/06/08,72778.40
1393/06/09,72339.80
1393/06/10,72232.40
1393/06/11,72121.50
1393/06/14,71822.40
1393/06/15,71665.40
1393/06/16,71815.20
1393/06/17,71930.10
1393/06/18,71925.40
1393/06/21,71486
1393/06/22,71413.80
1393/06/23,71402.30
1393/06/24,71408.30
1393/06/25,71443.60
1393/06/28,71445
1393/06/29,71545.30
1393/06/30,71685.80
1393/06/31,71726.50
1393/07/01,71788.10
1393/07/04,71702.20
1393/07/05,71643.70
1393/07/06,71675.20
1393/07/07,71664
1393/07/08,71640.50
1393/07/11,71670.10
1393/07/13,71821.50
1393/07/14,71718.90
1393/07/15,71783.70
1393/07/18,71771.70
1393/07/19,71791.50
1393/07/21,71893.10
1393/07/22,71978.60
1393/07/25,72016.50
1393/07/26,72281
1393/07/27,73548.30
1393/07/28,74109.10
1393/07/29,74132.80
1393/08/02,74152
1393/08/03,73940.80
1393/08/04,73958.90
1393/08/05,73967.80
1393/08/06,74151.10
1393/08/09,75028
1393/08/10,75368.60
1393/08/13,76166.60
1393/08/16,76420.50
1393/08/17,76553.40
1393/08/18,76560.80
1393/08/19,76708
1393/08/20,76589.40
1393/08/23,75946.50
1393/08/24,75930.80
1393/08/25,75965.90
1393/08/26,75409.40
1393/08/27,75248.40
1393/08/30,75042.60
1393/09/01,75389.60
1393/09/02,75949
1393/09/03,74740.90
1393/09/04,74076.10
1393/09/07,73245.10
1393/09/08,72189.50
1393/09/09,72120.70
1393/09/10,72258.50
1393/09/11,71860.20
1393/09/14,71712
1393/09/15,71170
1393/09/16,71376.60
1393/09/17,71381.70
1393/09/18,71043
1393/09/22,70291.60
1393/09/23,69542.60
1393/09/24,69608.60
1393/09/25,69494.80
1393/09/28,69537.50
1393/09/30,70094.40
1393/10/02,70153.50
1393/10/05,69705
1393/10/06,69625.50
1393/10/07,69272.60
1393/10/08,69254.50
1393/10/09,68973.10
1393/10/12,68829.90
1393/10/13,68650.60
1393/10/14,68232.10
1393/10/15,67471
1393/10/16,66902
1393/10/19,66197.90
1393/10/20,65512.80
1393/10/21,66000.10
1393/10/22,65929.10
1393/10/23,65939.10
1393/10/26,66273.30
1393/10/27,66319.20
1393/10/28,65835
1393/10/29,65564.70
1393/10/30,65028.90
1393/11/03,65029.10
1393/11/04,65105
1393/11/05,65110.80
1393/11/06,65127.70
1393/11/07,65256.10
1393/11/10,65542.80
1393/11/11,65544.70
1393/11/12,65556
1393/11/13,65597.40
1393/11/14,65771.60
1393/11/17,65787.20
1393/11/18,65366.30
1393/11/19,64917.50
1393/11/20,64840.90
1393/11/24,64932.10
1393/11/25,64926.80
1393/11/26,64993.60
1393/11/27,64811.20
1393/11/28,64720
1393/12/01,64867.10
1393/12/02,64719.90
1393/12/03,64678.40
1393/12/04,64525.80
1393/12/05,64051.70
1393/12/08,63950.90
1393/12/09,63860.10
1393/12/10,63954.80
1393/12/11,63996
1393/12/12,64014.90
1393/12/15,63911.10
1393/12/16,63806.70
1393/12/17,63846.70
1393/12/18,63853.40
1393/12/19,64070.70
1393/12/22,64610.30
1393/12/23,64980.60
1393/12/24,65122.80
1393/12/25,61532.90
1393/12/26,62531.80
1394/01/04,62885
1394/01/07,63152.20
1394/01/08,65099.90
1394/01/09,65175.10
1394/01/10,65728
1394/01/14,67827
1394/01/15,70261.70
1394/01/16,70843.90
1394/01/17,70159.90
1394/01/18,70684.70
1394/01/21,70022.80
1394/01/22,68783.90
1394/01/23,68454.10
1394/01/24,68465.30
1394/01/25,68078.80
1394/01/28,67374
1394/01/29,67378.80
1394/01/30,67016.70
1394/01/31,66828.60
1394/02/01,66569.20
1394/02/04,66707.80
1394/02/05,66208.90
1394/02/06,65576.80
1394/02/07,65508.20
1394/02/08,65634.10
1394/02/12,65088.30
1394/02/13,64415.80
1394/02/14,64168.10
1394/02/15,64069.20
1394/02/18,63530.20
1394/02/19,62885.90
1394/02/20,63069.80
1394/02/21,63316
1394/02/22,63531.40
1394/02/26,63465.10
1394/02/27,63522.80
1394/02/28,63644.30
1394/02/29,63703.10
1394/03/01,63427.80
1394/03/02,63363.80
1394/03/03,63496.50
1394/03/04,63419.10
1394/03/05,63402.10
1394/03/08,63419.90
1394/03/09,63227.90
1394/03/10,63227
1394/03/11,63289.80
1394/03/15,63297.60
1394/03/16,63187.30
1394/03/17,63124
1394/03/18,62317.90
1394/03/19,62322.20
1394/03/22,62571.20
1394/03/23,62653.30
1394/03/24,62573.70
1394/03/25,62558.90
1394/03/26,63559.70
1394/03/29,63836.20
1394/03/30,63810.70
1394/03/31,64276.50
1394/04/01,64839.50
1394/04/02,64857.60
1394/04/05,64812.20
1394/04/06,64301.40
1394/04/07,64332.90
1394/04/08,64922.60
1394/04/09,64861.80
1394/04/12,65860.80
1394/04/13,65780.10
1394/04/14,66019.90
1394/04/15,66761.40
1394/04/19,66817.80
1394/04/20,67646.40
1394/04/21,69194.50
1394/04/22,69433.50
1394/04/23,68827.70
1394/04/28,68148.40
1394/04/29,68050.70
1394/04/30,67643.90
1394/05/02,67036.30
1394/05/03,66977.40
1394/05/04,66441.40
1394/05/05,66489.50
1394/05/06,66780.70
1394/05/09,66829.70
1394/05/10,66530.50
1394/05/11,66626.70
1394/05/12,66445.70
1394/05/13,66451
1394/05/16,66000.90
1394/05/17,65973.50
1394/05/18,65903.10
1394/05/20,65703.30
1394/05/23,65314.30
1394/05/24,65239.90
1394/05/25,65302.50
1394/05/26,65189.40
1394/05/27,65218.30
1394/05/30,65225
1394/05/31,64881.40
1394/06/01,64651.60
1394/06/02,64197.30
1394/06/03,64206.20
1394/06/06,64451.30
1394/06/07,64467.30
1394/06/08,64225.80
1394/06/09,64251
1394/06/10,64276.20
1394/06/13,64497
1394/06/14,64506.60
1394/06/15,64518.40
1394/06/16,64511.70
1394/06/17,63467.70
1394/06/20,63482.50
1394/06/21,62958.20
1394/06/22,62993
1394/06/23,62536.50
1394/06/24,62264.50
1394/06/27,62254.70
1394/06/28,61553.20
1394/06/29,61328
1394/06/30,61576.80
1394/06/31,61686
1394/07/03,61530.90
1394/07/04,61563
1394/07/05,61568.90
1394/07/06,61578.80
1394/07/07,61498.30
1394/07/10,61217.40
1394/07/11,61163.70
1394/07/12,61233.60
1394/07/13,61209.80
1394/07/14,61389.80
1394/07/17,61396.90
1394/07/18,61287.10
1394/07/19,61296.60
1394/07/20,61434.40
1394/07/21,61973.30
1394/07/24,62799.10
1394/07/25,63071.40
1394/07/26,63126.70
1394/07/27,63142
1394/07/28,63175
1394/08/02,62792.80
1394/08/03,62803.30
1394/08/04,62923
1394/08/05,62923.70
1394/08/08,62948.60
1394/08/09,62942.70
1394/08/10,62855.70
1394/08/11,62811.60
1394/08/12,62927.40
1394/08/15,63000.40
1394/08/16,62999.20
1394/08/17,63035.70
1394/08/18,63044.30
1394/08/19,63056.40
1394/08/22,63070.60
1394/08/23,63083.50
1394/08/24,63091.70
1394/08/25,63013.60
1394/08/26,62871.30
1394/08/29,62889
1394/08/30,62923.90
1394/09/01,62795.70
1394/09/02,62720.90
1394/09/03,62734.60
1394/09/06,62635.40
1394/09/07,62639.10
1394/09/08,62647.70
1394/09/09,62550
1394/09/13,62577.10
1394/09/14,62420.20
1394/09/15,62374.80
1394/09/16,62392.40
1394/09/17,62409.80
1394/09/21,62310.70
1394/09/22,62216.30
1394/09/23,62233.30
1394/09/24,62147.30
1394/09/27,61734
1394/09/28,61501.50
1394/09/29,61518.50
1394/09/30,61414.20
1394/10/01,61420.70
1394/10/04,61436.90
1394/10/05,61455.30
1394/10/06,61469.30
1394/10/08,61691
1394/10/11,61700.10
1394/10/12,61710.20
1394/10/13,61728.10
1394/10/14,62055.90
1394/10/15,62632.80
1394/10/18,62655
1394/10/19,62461
1394/10/20,62788.70
1394/10/21,62841.20
1394/10/22,63516.90
1394/10/25,64860.90
1394/10/26,65424.10
1394/10/27,65119.50
1394/10/28,66118.10
1394/10/29,66562.50
1394/11/02,66960.40
1394/11/03,67740.10
1394/11/04,68857.50
1394/11/05,70999.50
1394/11/06,71011
1394/11/09,71393.90
1394/11/10,71118.80
1394/11/11,72912.80
1394/11/12,73725.50
1394/11/13,73684
1394/11/16,74103.60
1394/11/17,74569.40
1394/11/18,75783.80
1394/11/19,78199.10
1394/11/20,77497.90
1394/11/23,76594.20
1394/11/24,76709.50
1394/11/25,77377.50
1394/11/26,77141.60
1394/11/27,77888
1394/11/30,77560.90
1394/12/01,77234.90
1394/12/02,77587.70
1394/12/03,77704
1394/12/04,77840.20
1394/12/07,78228.30
1394/12/08,77733.80
1394/12/09,77539.20
1394/12/10,77648.80
1394/12/11,77697.80
1394/12/14,78022.20
1394/12/15,78093
1394/12/16,78158.40
1394/12/17,78220
1394/12/18,78312.10
1394/12/21,79366.50
1394/12/23,80236.70
1394/12/24,80037.50
1394/12/25,80219.40
1395/01/06,81200.30
1395/01/07,81261
1395/01/08,80935.70
1395/01/09,80561.30
1395/01/10,81480.40
1395/01/13,81536.90
1395/01/14,80852.70
1395/01/15,80872.10
1395/01/16,80965.80
1395/01/17,80752.70
1395/01/20,80654
1395/01/21,80280.70
1395/01/22,80262.40
1395/01/23,80109.30
1395/01/24,79588.30
1395/01/27,77984.80
1395/01/28,77516.20
1395/01/29,78435.40
1395/01/30,78430.90
1395/01/31,78269
1395/02/03,78281.70
1395/02/04,78448.30
1395/02/05,78688.40
1395/02/06,78394.40
1395/02/07,78404.70
1395/02/10,78414.60
1395/02/11,78384.40
1395/02/12,78285.40
1395/02/13,78044.40
1395/02/14,78033.80
1395/02/17,77423.90
1395/02/18,77045.30
1395/02/19,77106
1395/02/20,76630.40
1395/02/21,75982.60
1395/02/24,76138.60
1395/02/25,75863.20
1395/02/26,75980.50
1395/02/27,76292.90
1395/02/28,76413.30
1395/02/31,76448.30
1395/03/02,76613.90
1395/03/03,76692.80
1395/03/04,76853
1395/03/07,76690.60
1395/03/08,76387
1395/03/09,76431.50
1395/03/10,76144.20
1395/03/11,76084.20
1395/03/15,76160.60
1395/03/16,76128.60
1395/03/17,75874.50
1395/03/18,75876.20
1395/03/21,74850.10
1395/03/22,74817.80
1395/03/23,74700.50
1395/03/24,73959.70
1395/03/25,73877.10
1395/03/28,73906.50
1395/03/29,73027.90
1395/03/30,72615
1395/03/31,72799.20
1395/04/01,73644.80
1395/04/04,73672
1395/04/05,73743.50
1395/04/07,74190.50
1395/04/08,73940.30
1395/04/11,73965.50
1395/04/12,74064
1395/04/13,73947.20
1395/04/14,74049.10
1395/04/18,73716.60
1395/04/19,73764.20
1395/04/20,73816.70
1395/04/21,73736
1395/04/22,73763
1395/04/25,73868
1395/04/26,74194.80
1395/04/27,74196.90
1395/04/28,74313.60
1395/04/29,74514.10
1395/05/01,74934.30
1395/05/02,75183.90
1395/05/03,75466.50
1395/05/04,75501
1395/05/05,76225.70
1395/05/09,76579.70
1395/05/10,76647.40
1395/05/11,77089.80
1395/05/12,77882.80
1395/05/15,78324.90
1395/05/16,78704.60
1395/05/17,78324.90
1395/05/18,78368.40
1395/05/19,78190.50
1395/05/22,78218.80
1395/05/23,78205.10
1395/05/24,77828.80
1395/05/25,77855.50
1395/05/26,77879
1395/05/29,77968.70
1395/05/30,78086.40
1395/05/31,78086.10
1395/06/01,77964
1395/06/02,78081.50
1395/06/05,77757.60
1395/06/06,77313.60
1395/06/07,77345.60
1395/06/08,77358.60
1395/06/09,77167.90
1395/06/12,76747
1395/06/13,76509.40
1395/06/14,76522.20
1395/06/15,76669.60
1395/06/16,76742.20
1395/06/19,76640.30
1395/06/20,76643.90
1395/06/22,76444.20
1395/06/23,76455.40
1395/06/26,76104.90
1395/06/27,76166.70
1395/06/28,76272.60
1395/06/30,76450.90
1395/07/02,76906.90
1395/07/03,77081.50
1395/07/04,77089.80
1395/07/05,77143.10
1395/07/06,77300.30
1395/07/09,77478.80
1395/07/10,77287.60
1395/07/11,77265.30
1395/07/12,77335.30
1395/07/13,77183
1395/07/16,77217
1395/07/17,77435.80
1395/07/18,77655.10
1395/07/23,77886.40
1395/07/24,77569.10
1395/07/25,77707.20
1395/07/26,77849.50
1395/07/27,78091.50
1395/07/30,78387.20
1395/08/01,78370.30
1395/08/02,78568.80
1395/08/03,78808.80
1395/08/04,79299.60
1395/08/07,80340.70
1395/08/08,80339.20
1395/08/09,80263.70
1395/08/10,79659.20
1395/08/11,79670.90
1395/08/14,79253.50
1395/08/15,79137.50
1395/08/16,79632.30
1395/08/17,79871.40
1395/08/18,78411.60
1395/08/21,79010.70
1395/08/22,79048.50
1395/08/23,79341.50
1395/08/24,79236.20
1395/08/25,79268.40
1395/08/28,79278.60
1395/08/30,79319
1395/09/01,79393.80
1395/09/02,79385.60
1395/09/05,79541.40
1395/09/06,79625.90
1395/09/08,80018.60
1395/09/12,80058.80
1395/09/13,80063.70
1395/09/14,80081.20
1395/09/15,80830.50
1395/09/16,81341.60
1395/09/19,81250.50
1395/09/20,80925.90
1395/09/21,80915.40
1395/09/22,80741.20
1395/09/23,80683.60
1395/09/27,80709
1395/09/28,80413.10
1395/09/29,80122.70
1395/09/30,80250
1395/10/03,80161.20
1395/10/04,79898.90
1395/10/05,79966.50
1395/10/06,79800.80
1395/10/07,79691.80
1395/10/10,79486.60
1395/10/11,78896
1395/10/12,78968.90
1395/10/13,78983.70
1395/10/14,78990.50
1395/10/17,78826.50
1395/10/18,78833.40
1395/10/19,78609.50
1395/10/21,78622
1395/10/24,78876.20
1395/10/25,79073.20
1395/10/26,79084.20
1395/10/27,79280.40
1395/10/28,79382.20
1395/11/01,79206.60
1395/11/02,79218
1395/11/03,79263.50
1395/11/04,78249.10
1395/11/05,78049
1395/11/08,77714.10
1395/11/09,77707.30
1395/11/10,77961.40
1395/11/11,77975.40
1395/11/12,77414.90
1395/11/15,76825.70
1395/11/16,76616
1395/11/17,76678.70
1395/11/18,76766
1395/11/19,76792.80
1395/11/22,76816.80
1395/11/23,76827.70
1395/11/24,76975.50
1395/11/25,77000.20
1395/11/26,77189.70
1395/11/29,77599.10
1395/11/30,77658.60
1395/12/01,77698.20
1395/12/02,77800.20
1395/12/03,77847.20
1395/12/06,77863.50
1395/12/07,77574.70
1395/12/08,77590.70
1395/12/09,77602.30
1395/12/10,77475.20
1395/12/13,77135.10
1395/12/14,76766.90
1395/12/15,76789.70
1395/12/16,76800.40
1395/12/17,76285.50
1395/12/20,76315.60
1395/12/21,76329
1395/12/22,76332
1395/12/23,76639
1395/12/24,76737.90
1395/12/27,77230
1396/01/04,77485.80
1396/01/05,77502.90
1396/01/06,77523.30
1396/01/07,77548.50
1396/01/08,77584.40
1396/01/13,77616.80
1396/01/14,77647.10
1396/01/15,77689.90
1396/01/18,77804.70
1396/01/19,77860.40
1396/01/20,78107.80
1396/01/22,78132.40
1396/01/25,78383.30
1396/01/26,78471.70
1396/01/27,78247.50
1396/01/28,78339.80
1396/01/29,78651.40
1396/02/01,79302.70
1396/02/02,79390.60
1396/02/03,79425.90
1396/02/05,79596.90
1396/02/08,79755.60
1396/02/09,79785
1396/02/10,79826.60
1396/02/11,79942.10
1396/02/12,79969.20
1396/02/15,79697.40
1396/02/16,79660.90
1396/02/17,79744.20
1396/02/18,79858.80
1396/02/19,80127.10
1396/02/22,80142
1396/02/23,79963
1396/02/24,79957.50
1396/02/25,80129.30
1396/02/26,80344.20
1396/02/29,81077.60
1396/02/30,81194
1396/02/31,81124.40
1396/03/01,81124.40
1396/03/02,81146.20
1396/03/05,80921.20
1396/03/06,80713.20
1396/03/07,80607.90
1396/03/08,80511.50
1396/03/09,80513.30
1396/03/12,80288.90
1396/03/15,80293.50
1396/03/16,79758.50
1396/03/19,79855.70
1396/03/20,79870.70
1396/03/21,79564.10
1396/03/22,79426.90
1396/03/23,79465.70
1396/03/26,79285
1396/03/27,78990.40
1396/03/28,78859.20
1396/03/29,78867.50
1396/03/30,78736.20
1396/04/02,78652.70
1396/04/03,78665.50
1396/04/06,78704.50
1396/04/09,78799.70
1396/04/10,78765.30
1396/04/11,78659.20
1396/04/12,78632.50
1396/04/13,78700.20
1396/04/16,78881.60
1396/04/17,78985.40
1396/04/18,79377
1396/04/19,79490.40
1396/04/20,79509.60
1396/04/23,79658.90
1396/04/24,79620.80
1396/04/25,79692.90
1396/04/26,79735.70
1396/04/27,80162.50
1396/04/30,80670.80
1396/04/31,80863
1396/05/01,80933.90
1396/05/02,81181.70
1396/05/03,81509.30
1396/05/06,81420.90
1396/05/07,81491.40
1396/05/08,81533.50
1396/05/09,81415.90
1396/05/10,81265.90
1396/05/14,81384.10
1396/05/15,81285.70
1396/05/16,81313.90
1396/05/17,81579.30
1396/05/20,81763.10
1396/05/21,81661.50
1396/05/22,81659.30
1396/05/23,81696.30
1396/05/24,81741.90
1396/05/27,81954.90
1396/05/28,82016.20
1396/05/29,82075
1396/05/30,82372.40
1396/05/31,82541.80
1396/06/03,82897.10
1396/06/04,82885
1396/06/05,83012.10
1396/06/06,83252
1396/06/07,83272.90
1396/06/10,83428.20
1396/06/11,83345.20
1396/06/12,83452.10
1396/06/13,83733.50
1396/06/14,83675.30
1396/06/18,83255.70
1396/06/19,83369.10
1396/06/20,83469.20
1396/06/21,83523.80
1396/06/24,83683.20
1396/06/25,83916.60
1396/06/26,84414.50
1396/06/27,85343.90
1396/06/28,85831.80
1396/06/31,85798.40
1396/07/01,85588.80
1396/07/02,85516.90
1396/07/03,85628.80
1396/07/04,85819
1396/07/09,85514.90
1396/07/10,85355
1396/07/11,85429.50
1396/07/14,85069.50
1396/07/15,84564.90
1396/07/16,84611.60
1396/07/17,84734.40
1396/07/18,84744.10
1396/07/21,85263.60
1396/07/22,85394.90
1396/07/23,85590.70
1396/07/24,85660
1396/07/25,85768
1396/07/28,86430.50
1396/07/29,86480.20
1396/07/30,86346.20
1396/08/01,86529.20
1396/08/02,86636.80
1396/08/05,86935.40
1396/08/06,87416.60
1396/08/07,87477.20
1396/08/08,87649.90
1396/08/09,87844.90
1396/08/12,87868.60
1396/08/13,87905.10
1396/08/14,87843.70
1396/08/15,87883.10
1396/08/16,87897.40
1396/08/19,87795.20
1396/08/20,87744.70
1396/08/21,87832.50
1396/08/22,87949.80
1396/08/23,88005.90
1396/08/26,88202.30
1396/08/28,88261.20
1396/08/29,88774.60
1396/08/30,89339.10
1396/09/03,90469.50
1396/09/04,90655.50
1396/09/06,91255.20
1396/09/07,91152.20
1396/09/10,91296.70
1396/09/11,90951.80
1396/09/12,90936.60
1396/09/13,91092.20
1396/09/17,91160.30
1396/09/18,91198.90
1396/09/19,91552.40
1396/09/20,92628.90
1396/09/21,93283.70
1396/09/24,94606.40
1396/09/25,95600.80
1396/09/26,95477.40
1396/09/27,95590.60
1396/09/28,95508.60
1396/10/01,96816
1396/10/02,97529.40
1396/10/03,98358.40
1396/10/04,98152.80
1396/10/05,97899.20
1396/10/08,97211.40
1396/10/09,95561.60
1396/10/10,96208
1396/10/11,96241.30
1396/10/12,95929.50
1396/10/15,96270.40
1396/10/16,96234.50
1396/10/17,96332.60
1396/10/18,96149.30
1396/10/19,96186
1396/10/22,96627.60
1396/10/23,97228.70
1396/10/24,97944
1396/10/25,98596.90
1396/10/26,98923.60
1396/10/29,98817.30
1396/10/30,98221.10
1396/11/01,98628.40
1396/11/02,99224.80
1396/11/03,99522.20
1396/11/06,99355.60
1396/11/07,99414.60
1396/11/08,99046.10
1396/11/09,98557.90
1396/11/10,98133.50
1396/11/13,97718.80
1396/11/14,97808.20
1396/11/15,98033.50
1396/11/16,97927.50
1396/11/17,98319.50
1396/11/20,97782.70
1396/11/22,97924.70
1396/11/23,98103.40
1396/11/24,98347.90
1396/11/27,98429.70
1396/11/28,98300.70
1396/11/29,98148.50
1396/12/01,98157.30
1396/12/04,98176.90
1396/12/05,98080.30
1396/12/06,98098.50
1396/12/07,98100.80
1396/12/08,97961.80
1396/12/11,97388.70
1396/12/12,97354.30
1396/12/13,97182.70
1396/12/14,96991
1396/12/15,96860.30
1396/12/18,96594.50
1396/12/19,96028.50
1396/12/20,96194.50
1396/12/21,96314.20
1396/12/22,95525.90
1396/12/25,95577.30
1396/12/26,95819.60
1396/12/27,96290
1397/01/04,96425.90
1397/01/05,96489.70
1397/01/06,96596.70
1397/01/07,96938.90
1397/01/13,97086.20
1397/01/14,97150.60
1397/01/17,96779.90
1397/01/18,96341.30
1397/01/19,97120.80
1397/01/20,96748
1397/01/21,96287.10
1397/01/25,95987.60
1397/01/26,95506.30
1397/01/27,95522.70
1397/01/28,95523.90
1397/01/31,95265.90
1397/02/01,94494.30
1397/02/02,94299.50
1397/02/03,94576.40
1397/02/04,94796.10
1397/02/07,94284.50
1397/02/08,93805.60
1397/02/09,93586.90
1397/02/10,93612.10
1397/02/14,93100.70
1397/02/15,92849.90
1397/02/16,93165.90
1397/02/17,93605.90
1397/02/18,93691.20
1397/02/21,93891.10
1397/02/22,94165.80
1397/02/23,94703.50
1397/02/24,94905.90
1397/02/25,94940.20
1397/02/28,95103.10
1397/02/29,95136.50
1397/02/30,95227.50
1397/02/31,95229.90
1397/03/01,95445.10
1397/03/04,95794
1397/03/05,95626
1397/03/06,95529.60
1397/03/07,95409.60
1397/03/08,95577.70
1397/03/11,95951.90
1397/03/12,95998.90
1397/03/18,96077.10
1397/03/19,95916
1397/03/20,95847.50
1397/03/21,96378.70
1397/03/22,99146.30
1397/03/26,102452.40
1397/03/28,106504.10
1397/03/29,108872.90
1397/04/01,109401.40
1397/04/02,112061.30
1397/04/03,115174.50
1397/04/04,113527.70
1397/04/05,111324.80
1397/04/08,111510.80
1397/04/12,112490
1397/04/15,111051
1397/04/16,110851
1397/04/18,110848
1397/04/19,109505
1397/04/22,108916
1397/04/23,108072
1397/04/24,108109
1397/04/25,107780
1397/04/26,107776
1397/04/29,108295
1397/04/30,108830
1397/04/31,108658
1397/05/01,108395
1397/05/02,108800
1397/05/05,111877
1397/05/06,113852
1397/05/07,116759
1397/05/08,121173
1397/05/09,123951
1397/05/12,124353
1397/05/13,128448
1397/05/14,133328
1397/05/15,133584
1397/05/16,131521
1397/05/19,129013
1397/05/20,129901
1397/05/21,128522
1397/05/22,130927
1397/05/23,130476
1397/05/26,131535
1397/05/27,134354
1397/05/28,137072
1397/05/29,136910
1397/06/02,136343
1397/06/03,138582
1397/06/04,140309
1397/06/05,136765
1397/06/06,137472
1397/06/09,136109
1397/06/10,133676
1397/06/11,135257
1397/06/12,137983
1397/06/13,137714
1397/06/16,139628
1397/06/17,142234
1397/06/18,146998
1397/06/19,148577
1397/06/20,155061
1397/06/23,158119
1397/06/24,155710
1397/06/25,158071
1397/06/26,157328
1397/06/30,160538
1397/06/31,165072
1397/07/01,168624
1397/07/02,174618
1397/07/03,180635
1397/07/06,187406
1397/07/07,195104
1397/07/08,195480
1397/07/09,188259
1397/07/10,185559
1397/07/13,184085
1397/07/14,176419
1397/07/15,175185
1397/07/16,180847
1397/07/17,181015
1397/07/20,175033
1397/07/21,174826
1397/07/22,180601
1397/07/23,182834
1397/07/24,182929
1397/07/27,188575
1397/07/28,189438
1397/07/29,187778
1397/07/30,185318
1397/08/01,181060
1397/08/04,178841
1397/08/05,180626
1397/08/06,183219
1397/08/08,183367
1397/08/11,183448
1397/08/12,182918
1397/08/13,184159
1397/08/14,185100
1397/08/18,184231
1397/08/19,180668
1397/08/20,182211
1397/08/21,183212
1397/08/22,181994
1397/08/25,178819
1397/08/26,173557
1397/08/27,175816
1397/08/28,176458
1397/08/29,175713
1397/09/02,171252
1397/09/04,166463
1397/09/05,167199
1397/09/06,163772
1397/09/09,159853
1397/09/10,163138
1397/09/11,166304
1397/09/12,165701
1397/09/13,166860
1397/09/16,167083
1397/09/17,166891
1397/09/18,166915
1397/09/19,166235
1397/09/20,165352
1397/09/23,164485
1397/09/24,161708
1397/09/25,159749
1397/09/26,159146
1397/09/27,156083
1397/09/30,154550
1397/10/01,156693
1397/10/02,157484
1397/10/03,156950
1397/10/04,158443
1397/10/07,160774
1397/10/08,161309
1397/10/09,161405
1397/10/10,161840
1397/10/11,160898
1397/10/14,161107
1397/10/15,161275
1397/10/16,162323
1397/10/17,163967
1397/10/18,164829
1397/10/21,164929
1397/10/22,164493
1397/10/23,164696
1397/10/24,165445
1397/10/25,165595
1397/10/28,166131
1397/10/29,165575
1397/10/30,161922
1397/11/01,162805
1397/11/02,162940
1397/11/05,162477
1397/11/06,160797
1397/11/07,159818
1397/11/08,160153
1397/11/09,160294
1397/11/12,159856
1397/11/13,157355
1397/11/14,158043
1397/11/15,158394
1397/11/16,158535
1397/11/20,158468
1397/11/22,157973
1397/11/23,157310
1397/11/26,157113
1397/11/27,156154
1397/11/28,156705
1397/11/29,157387
1397/11/30,159489
1397/12/03,164267
1397/12/04,166030
1397/12/05,166793
1397/12/06,164712
1397/12/07,165295
1397/12/10,164370
1397/12/11,164442
1397/12/12,164238
1397/12/13,162593
1397/12/14,162827
1397/12/17,163007
1397/12/18,164470
1397/12/19,167371
1397/12/20,167909
1397/12/21,169115
1397/12/24,171124
1397/12/25,172522
1397/12/26,175898
1397/12/27,178659
1398/01/04,179194
1398/01/05,179766
1398/01/06,181542
1398/01/09,185358
1398/01/10,185281
1398/01/16,186535
1398/01/17,188073
1398/01/18,188592
1398/01/19,190425
1398/01/20,193978
1398/01/23,195202
1398/01/24,196084
1398/01/25,201805
1398/01/26,201890
1398/01/27,199911
1398/01/30,204375
1398/02/01,204322
1398/02/02,202857
1398/02/03,203776
1398/02/06,205287
1398/02/07,209243
1398/02/08,214867
1398/02/09,216641
1398/02/10,220108
1398/02/13,224589
1398/02/14,224057
1398/02/15,215820
1398/02/16,208197
1398/02/17,211344
1398/02/20,209154
1398/02/21,204069
1398/02/22,207751
1398/02/23,211746
1398/02/24,211017
1398/02/27,212747
1398/02/28,212851
1398/02/29,211871
1398/02/30,215091
1398/02/31,215168
1398/03/03,214314
1398/03/04,217573
1398/03/06,223253
1398/03/07,224476
1398/03/10,222387
1398/03/11,224544
1398/03/12,226983
1398/03/17,226888
1398/03/18,229808
1398/03/19,230267
1398/03/20,230617
1398/03/21,233352
1398/03/24,234167
1398/03/25,238220
1398/03/26,238160
1398/03/27,237148
1398/03/28,234879
1398/03/31,233886
1398/04/01,237459
1398/04/02,242568
1398/04/03,245098
1398/04/04,248577
1398/04/08,248533
1398/04/09,247122
1398/04/10,248275
1398/04/11,248943
1398/04/14,245445
1398/04/15,246447
1398/04/16,249252
1398/04/17,248716
1398/04/18,249622
1398/04/21,250605
1398/04/22,253577
1398/04/23,253303
1398/04/24,246268
1398/04/25,246790
1398/04/28,246437
1398/04/29,249661
1398/04/30,253056
1398/04/31,251278
1398/05/01,252864
1398/05/04,252275
1398/05/05,252324
1398/05/06,252488
1398/05/07,252898
1398/05/08,254445
1398/05/11,254453
1398/05/12,255530
1398/05/13,256698
1398/05/14,255511
1398/05/15,255163
1398/05/18,255306
1398/05/19,255876
1398/05/21,257097
1398/05/22,261391
1398/05/25,261405
1398/05/26,260991
1398/05/27,262941
1398/05/29,266127
1398/06/01,269986
1398/06/02,269225
1398/06/03,274871
1398/06/04,278469
1398/06/05,278674
1398/06/08,284139
1398/06/09,286114
1398/06/10,283062
1398/06/11,285573
1398/06/12,290178
1398/06/15,294601
1398/06/16,296731
1398/06/19,299930
1398/06/22,304460
1398/06/23,302395
1398/06/24,305917
1398/06/25,302082
1398/06/26,294166
1398/06/29,297712
1398/06/30,302103
1398/06/31,311471
1398/07/01,312206
1398/07/02,314409
1398/07/05,320023
1398/07/06,318250
1398/07/07,324705
1398/07/08,326098
1398/07/09,326117
1398/07/12,327305
1398/07/13,320208
1398/07/14,320909
1398/07/15,314469
1398/07/16,313049
1398/07/19,322059
1398/07/20,326190
1398/07/21,319871
1398/07/22,308978
1398/07/23,309640
1398/07/27,301391
1398/07/28,302173
1398/07/29,308314
1398/07/30,305807
1398/08/03,303453
1398/08/04,303449
1398/08/05,305969
1398/08/07,309661
1398/08/10,308730
1398/08/11,308960
1398/08/12,304676
1398/08/13,305333
1398/08/17,305858
1398/08/18,302795
1398/08/19,303944
1398/08/20,306655
1398/08/21,307094
1398/08/24,306885
1398/08/25,302340
1398/08/26,302726
1398/08/27,304688
1398/08/28,304997
1398/09/01,305622
1398/09/02,305774
1398/09/03,308477
1398/09/04,309643
1398/09/05,311230
1398/09/08,314587
1398/09/09,318670
1398/09/10,320194
1398/09/11,320814
1398/09/12,322527
1398/09/15,327624
1398/09/16,332567
1398/09/17,335792
1398/09/18,339434
1398/09/19,339386
1398/09/22,343291
1398/09/23,344115
1398/09/24,344487
1398/09/25,346870
1398/09/26,350322
1398/09/29,353996
1398/09/30,356721
1398/10/01,359365
1398/10/02,362259
1398/10/03,361088
1398/10/06,367632
1398/10/07,369729
1398/10/08,375547
1398/10/09,377012
1398/10/10,384099
1398/10/13,367334
1398/10/14,365815
1398/10/16,358843
1398/10/17,353807
1398/10/20,359807
1398/10/21,375650
1398/10/22,392038
1398/10/23,395912
1398/10/24,399445
1398/10/27,409962
1398/10/28,410694
1398/10/29,409807
1398/10/30,406008
1398/11/01,411211
1398/11/04,417001
1398/11/05,418312
1398/11/06,420668
1398/11/07,427139
1398/11/11,426184
1398/11/12,428216
1398/11/13,438880
1398/11/14,440199
1398/11/15,445894
1398/11/18,452842
1398/11/19,454618
1398/11/20,447151
1398/11/22,459079
1398/11/25,461988
1398/11/26,472749
1398/11/27,476812
1398/11/28,472119
1398/11/29,478754
1398/11/30,478755
1398/12/02,480875
1398/12/03,498856
1398/12/04,503306
1398/12/05,517911
1398/12/06,524394
1398/12/07,523850
1398/12/09,505676
1398/12/10,515452
1398/12/11,529170
1398/12/12,543926
1398/12/13,555165
1398/12/14,555167
1398/12/16,549185
1398/12/18,535684
1398/12/19,520059
1398/12/20,520210
1398/12/21,520211
1398/12/23,502694
1398/12/24,494479
1398/12/25,505943
1398/12/26,502077
1398/12/27,512903
1398/12/28,512900
1399/01/04,508879
1399/01/05,520108
1399/01/06,521267
1399/01/08,532522
1399/01/09,545661
1399/01/10,547658
1399/01/15,567531.59
1399/01/16,573903.18
1399/01/17,569673.61
1399/01/18,583344.42
1399/01/19,597068.92
1399/01/20,597253.86
1399/01/22,607854.94
1399/01/23,623260.14
1399/01/24,624527.45
1399/01/25,626388.68
1399/01/26,645722.63
1399/01/27,645762.53
1399/01/29,668905.68
1399/01/30,690126.46
1399/01/31,708994.61
1399/02/01,726137.35
1399/02/02,741901.81
1399/02/03,741931.99
1399/02/05,769384.64
1399/02/06,797824.21
1399/02/07,820505.34
1399/02/08,845952.45
1399/02/09,878093.72
1399/02/10,878101.22
1399/02/12,917405.96
1399/02/13,956816.56
1399/02/14,979105.71
1399/02/15,980571.13
1399/02/16,977923.47
1399/02/17,977923.44
1399/02/19,1020217.54
1399/02/20,1043252.69
1399/02/21,1047762.81
1399/02/22,1021444.80
1399/02/23,1017662.48
1399/02/26,987475.32
1399/02/27,968460.69
1399/02/28,995176.82
1399/02/29,1002124.59
1399/02/30,986759.18
1399/02/31,986759.20
1399/03/02,959840.53
1399/03/03,959840.36
1399/03/05,926132.74
1399/03/06,938549.69
1399/03/07,938557.22
1399/03/09,973495.24
1399/03/10,970411.22
1399/03/11,988120.76
1399/03/12,1028537.58
1399/03/13,1028537.75
1399/03/16,1068844.18
1399/03/17,1116186.62
1399/03/18,1118912.07
1399/03/19,1118118.06
1399/03/20,1153679.69
1399/03/21,1153679.68
1399/03/23,1189807.34
1399/03/24,1185376.64
1399/03/25,1200120.74
1399/03/26,1229701.61
1399/03/27,1229673.60
1399/03/30,1270602.60
1399/03/31,1300812.77
1399/04/01,1341578.79
1399/04/02,1391040.97
1399/04/03,1419439.02
1399/04/04,1419453.46
1399/04/06,1466275.82
1399/04/07,1491951.51
1399/04/08,1481924.14
1399/04/09,1546849.86
1399/04/10,1612882.43
1399/04/11,1612902
1399/04/13,1621367.52
1399/04/14,1655406.90
1399/04/15,1736402.01
1399/04/16,1747078.12
1399/04/17,1753678.23
1399/04/18,1753642.79
1399/04/20,1741296.20
1399/04/21,1812832.53
1399/04/22,1822117.05
1399/04/23,1844860.01
1399/04/24,1841696.04
1399/04/25,1841700.69
1399/04/27,1809147.27
1399/04/28,1864945.61
1399/04/29,1924798.40
1399/04/30,1916202.83
1399/04/31,1901169.35
1399/05/01,1901147.16
1399/05/03,1952920.86
1399/05/04,1946134.37
1399/05/05,1933943.75
1399/05/06,1941157.06
1399/05/07,1904316.10
1399/05/08,1904324.24
1399/05/10,1961649.37
1399/05/11,2011492.97
1399/05/12,1993330.31
1399/05/13,1995037.12
1399/05/14,2034186.97
1399/05/15,2034192.50
1399/05/18,2078511.79
1399/05/19,2065110.56
1399/05/20,1999853.50
1399/05/21,1975544.97
1399/05/22,1975439.67
1399/05/24,1903259.08
1399/05/25,1813574.50
1399/05/26,1815696.44
1399/05/27,1825354.22
1399/05/28,1757257.56
1399/05/29,1757229.20
1399/05/31,1727264.89
1399/06/01,1662215.41
1399/06/02,1608544.50
1399/06/03,1650027.39
1399/06/04,1718762.77
1399/06/05,1718783.36
1399/06/09,1727953.14
1399/06/10,1684741.42
1399/06/11,1631883.66
1399/06/12,1631941.30
1399/06/14,1642037.87
1399/06/15,1647855.33
1399/06/16,1607195.33
1399/06/17,1570010
1399/06/18,1556315.02
1399/06/19,1556280.32
1399/06/21,1583753.62
1399/06/22,1578190.12
1399/06/23,1607587.14
1399/06/24,1664559.24
1399/06/25,1704108.46
1399/06/28,1699493.99
1399/06/29,1652248.88
1399/06/30,1595160.11
1399/06/31,1581206.28
1399/07/01,1611452.19
1399/07/02,1611582.46
1399/07/04,1615531.23
1399/07/05,1572158.03
1399/07/06,1515929.98
1399/07/07,1492901.96
1399/07/08,1503426.84
1399/07/11,1546154.72
1399/07/12,1522980.88
1399/07/13,1490173.09
1399/07/14,1514699.05
1399/07/15,1540706.58
1399/07/16,1540700.01
1399/07/18,1541822.80
1399/07/19,1597125.42
1399/07/20,1579507.30
1399/07/21,1579632.95
1399/07/22,1561416.08
1399/07/26,1514272.54
1399/07/27,1462283.20
1399/07/28,1419312.33
1399/07/29,1412354.66
1399/08/02,1374057.40
1399/08/04,1336592.58
1399/08/05,1302028.52
1399/08/06,1288330.51
1399/08/09,1305898.74
1399/08/10,1279862.72
1399/08/11,1264477.63
1399/08/13,1290571.39
1399/08/16,1262887.13
1399/08/17,1240523.77
1399/08/18,1215222.57
1399/08/19,1211935.30
1399/08/20,1221074.80
1399/08/23,1247591.40
1399/08/24,1257356.90
1399/08/25,1273847
1399/08/26,1296947.10
1399/08/27,1345301.40
1399/08/30,1366535.20
1399/09/01,1358847.50
1399/09/02,1375541.30
1399/09/03,1357108.60
1399/09/04,1367171.10
1399/09/07,1390772.80
1399/09/08,1427278.10
1399/09/09,1465975.30
1399/09/10,1473701.90
1399/09/11,1470980.10
1399/09/14,1490676.80
1399/09/15,1523108.50
1399/09/16,1512962.10
1399/09/17,1507362.70
1399/09/18,1506274.60
1399/09/21,1527451.80
1399/09/22,1515759.40
1399/09/23,1484107.40
1399/09/24,1428324.50
1399/09/25,1413360.40
1399/09/28,1444926
1399/09/29,1439124
1399/09/30,1436392.90
1399/10/01,1444968.90
1399/10/02,1447915.30
1399/10/05,1423570.20
1399/10/06,1419012.80
1399/10/07,1437212.30
1399/10/08,1411824.30
1399/10/09,1397797.20
1399/10/12,1354114.30
1399/10/13,1355351.20
1399/10/14,1374483.20
1399/10/15,1350233.20
1399/10/16,1310708.80
1399/10/19,1285892.40
1399/10/20,1306620.70
1399/10/21,1301325.60
1399/10/22,1260722.50
1399/10/23,1229836.50
1399/10/26,1186711.20
1399/10/28,1150224.90
1399/10/29,1150624.70
1399/10/30,1183978.20
1399/11/03,1222070.60
1399/11/04,1234557.50
1399/11/05,1235783.10
1399/11/06,1215033.90
1399/11/07,1207698.30
1399/11/10,1247152.70
1399/11/11,1251041.70
1399/11/12,1233667.60
1399/11/13,1205467.10
1399/11/14,1173050.30
1399/11/17,1135345.50
1399/11/18,1170532.90
1399/11/19,1192858.50
1399/11/20,1214416.10
1399/11/24,1262253.70
1399/11/25,1264368.70
1399/11/26,1257286.20
1399/11/27,1245843.50
1399/11/28,1238397.80
1399/12/01,1232716.10
1399/12/02,1222614.30
1399/12/03,1214500.40
1399/12/04,1211642.80
1399/12/05,1205798.50
1399/12/08,1194009.90
1399/12/09,1185603.70
1399/12/10,1181641.20
1399/12/11,1186333.70
1399/12/12,1177916.90
1399/12/15,1169724.30
1399/12/16,1175595.80
1399/12/17,1199888.40
1399/12/18,1210146.70
1399/12/19,1206878
1399/12/22,1229455.80
1399/12/23,1245186
1399/12/24,1254213
1399/12/25,1290518.60
1399/12/26,1307657.40
1400/01/06,1309561.60
1400/01/07,1306887.80
1400/01/09,1303193.70
1400/01/10,1294543.70
1400/01/13,1282948.70
1400/01/14,1269478.70
1400/01/15,1262735.30
1400/01/16,1260785.70
1400/01/17,1249910.40
1400/01/20,1240696.70
1400/01/21,1230876.50
1400/01/22,1226119.10
1400/01/23,1244556.60
1400/01/24,1243358.70
1400/01/27,1233781.80
1400/01/28,1224795.30
1400/01/29,1216874.30
1400/01/30,1219589.90
1400/01/31,1207046.90
1400/02/03,1199341.70
1400/02/04,1187843
1400/02/05,1186956.50
1400/02/06,1202636.70
1400/02/07,1207850.40
1400/02/10,1194338.60
1400/02/11,1180663.60
1400/02/12,1167072.70
1400/02/14,1172262.40
1400/02/17,1167462.40
1400/02/18,1151896.40
1400/02/19,1157682.90
1400/02/21,1179527.10
1400/02/22,1184000.30
1400/02/25,1189595.60
1400/02/26,1174659.70
1400/02/27,1176833.70
1400/02/28,1154844.70
1400/02/31,1128164.10
1400/03/01,1107915.10
1400/03/02,1095697.70
1400/03/03,1105454.20
1400/03/04,1109369.60
1400/03/08,1134015.50
1400/03/09,1156933.80
1400/03/10,1145930
1400/03/11,1140497.60
1400/03/16,1157205.40
1400/03/17,1160665.60
1400/03/18,1151846.30
1400/03/21,1144955
1400/03/22,1141225.90
1400/03/23,1150203.60
1400/03/24,1150129.20
1400/03/25,1147675
1400/03/28,1162032
1400/03/29,1163757
1400/03/30,1168664.70
1400/03/31,1186905.50
1400/04/01,1213054.60
1400/04/04,1233738.10
1400/04/05,1238485.80
1400/04/06,1243812.30
1400/04/07,1248516.50
1400/04/08,1256960.10
1400/04/11,1246111.90
1400/04/12,1243719.10
1400/04/13,1254561.80
1400/04/14,1281187
1400/04/15,1282036.10
1400/04/18,1270744.30
1400/04/19,1285256.40
1400/04/20,1304333.30
1400/04/21,1303921.40
1400/04/22,1305491
1400/04/25,1311241
1400/04/26,1302857.20
1400/04/27,1311306
1400/05/03,1323354.60
1400/05/04,1314909.10
1400/05/05,1316504.60
1400/05/08,1351467.50
1400/05/09,1360246.60
1400/05/10,1357895.20
1400/05/11,1375612.30
1400/05/12,1406058.10
1400/05/15,1407762.20
1400/05/16,1417863
1400/05/17,1433175.90
1400/05/18,1453797.20
1400/05/19,1484589.90
1400/05/22,1480830.10
1400/05/23,1500000.10
1400/05/30,1515548.60
1400/05/31,1515886.50
1400/06/01,1543476.40
1400/06/02,1550120.40
1400/06/05,1575762
1400/06/06,1573407.60
1400/06/07,1523997.10
1400/06/08,1496156.60
1400/06/09,1520627.10
1400/06/12,1541051.80
1400/06/13,1537192.90
1400/06/14,1538503.40
1400/06/15,1523086.70
1400/06/16,1526009.10
1400/06/19,1530461.80
1400/06/20,1489994.90
1400/06/21,1475274.10
1400/06/22,1496954.90
1400/06/23,1488291.70
1400/06/26,1450225.40
1400/06/27,1420479
1400/06/28,1395330.20
1400/06/29,1391236.10
1400/06/30,1391236.10
1400/06/31,1386466.30
1400/07/03,1422118.50
1400/07/06,1425447.40
1400/07/07,1436984.30
1400/07/09,1473476
1400/07/10,1476680.30
1400/07/11,1484652.80
1400/07/13,1488264.50
1400/07/17,1466031.40
1400/07/19,1457493.60
1400/07/20,1397386.10
1400/07/23,1437465.50
1400/07/24,1436109.90
1400/07/25,1436916.80
1400/07/26,1449471.60
1400/07/27,1436357.10
1400/07/30,1407758
1400/08/02,1384133.50
1400/08/03,1384452.20
1400/08/04,1393925.20
1400/08/07,1375669.20
1400/08/08,1340290.80
1400/08/09,1361402.90
1400/08/10,1376094.40
1400/08/11,1398416.50
1400/08/14,1440651.50
1400/08/15,1430892.20
1400/08/16,1434378.90
1400/08/17,1447674.80
1400/08/18,1456479.90
1400/08/21,1439244.40
1400/08/22,1442515.70
1400/08/23,1416298.70
1400/08/24,1408582.50
1400/08/25,1410777.80
1400/08/28,1383491.90
1400/08/29,1386935.30
1400/08/30,1407132.90
1400/09/01,1404611.70
1400/09/02,1394095.40
1400/09/05,1366713.90
1400/09/06,1368005.20
1400/09/07,1363939
1400/09/08,1357128.90
1400/09/09,1340071.90
1400/09/12,1334765.90
1400/09/13,1343202.70
1400/09/14,1342353.60
1400/09/15,1337987.60
1400/09/16,1349389.30
1400/09/19,1344441.60
1400/09/20,1320761.60
1400/09/21,1295550.10
1400/09/22,1291798.40
1400/09/23,1293237.90
1400/09/26,1305535.50
1400/09/27,1291675.80
1400/09/28,1301542.30
1400/09/29,1318359.70
1400/09/30,1359011
1400/10/03,1385528.50
1400/10/04,1384015.10
1400/10/05,1400314.60
1400/10/06,1399888.90
1400/10/07,1397311.40
1400/10/10,1378777.40
1400/10/11,1379041.10
1400/10/12,1376049.30
1400/10/13,1362828.60
1400/10/14,1363095.80
1400/10/17,1362438.60
1400/10/18,1336820.70
1400/10/19,1332755.60
1400/10/20,1335536.30
1400/10/21,1334265
1400/10/24,1322631.90
1400/10/25,1310804.40
1400/10/26,1306531.10
1400/10/27,1275966.40
1400/10/28,1279449.80
1400/11/01,1281801
1400/11/02,1256512.80
1400/11/03,1234707.70
1400/11/04,1208047.30
1400/11/05,1229368.40
1400/11/08,1258995.10
1400/11/09,1284575.80
1400/11/10,1294669.90
1400/11/11,1301297.40
1400/11/12,1301195.70
1400/11/15,1304437.20
1400/11/16,1282049.50
1400/11/17,1274467.50
1400/11/18,1281169
1400/11/19,1284120.50
1400/11/22,1284061.70
1400/11/23,1275996.20
1400/11/24,1283324.20
1400/11/26,1282411.40
1400/11/29,1282129.70
1400/11/30,1274304.70
1400/12/01,1281589.40
1400/12/02,1284876.10
1400/12/03,1288337.20
1400/12/06,1282870.80
1400/12/07,1279292.70
1400/12/08,1281934.20
1400/12/10,1281153.40
1400/12/13,1298782.70
1400/12/14,1322598.50
1400/12/15,1342923.60
1400/12/16,1336569.20
1400/12/17,1348303.30
1400/12/20,1332948.70
1400/12/21,1335312.30
1400/12/22,1334780.90
1400/12/23,1337269.20
1400/12/24,1345030.60
1400/12/27,1367250.30
1401/01/05,1390777.20
1401/01/06,1403589.40
1401/01/07,1418651.90
1401/01/08,1414249.50
1401/01/09,1432106.40
1401/01/13,1462002.90
1401/01/14,1468820.10
1401/01/15,1471438.40
1401/01/16,1463779.70
1401/01/19,1458772.70
1401/01/20,1474113
1401/01/21,1479493
1401/01/22,1446026.90
1401/01/23,1454129.30
1401/01/26,1467668.80
1401/01/27,1475058.60
1401/01/28,1501842.60
1401/01/29,1513105.70
1401/01/30,1512219.10
1401/02/03,1504715.60
1401/02/04,1507249.30
1401/02/05,1522868.20
1401/02/06,1521391.90
1401/02/09,1522439.40
1401/02/10,1523421.80
1401/02/11,1529717.50
1401/02/16,1543847.50
1401/02/17,1553041.80
1401/02/18,1540099.20
1401/02/19,1539530.70
1401/02/21,1564449.10
1401/02/23,1578410.90
1401/02/24,1572979.80
1401/02/25,1583800.50
1401/02/26,1606024.30
1401/02/27,1594977.60
1401/02/30,1579691.10
1401/02/31,1582143.80
1401/03/02,1555689
1401/03/03,1564487.50
1401/03/06,1553401.90
1401/03/07,1534057.10
1401/03/08,1537380.30
1401/03/09,1542711.10
1401/03/10,1541979.90
1401/03/15,1514309.90
1401/03/16,1515387.70
1401/03/17,1520298.70
1401/03/20,1518289.80
1401/03/21,1532387.20
1401/03/22,1571446.80
1401/03/23,1574065.30
1401/03/24,1564334
1401/03/27,1547738.50
1401/03/28,1545962.90
1401/03/29,1547247.20
1401/03/30,1539632.20
1401/03/31,1533393.90
1401/04/03,1520334.90
1401/04/04,1501346.40
1401/04/05,1503782.30
1401/04/07,1513715.50
1401/04/10,1501632
1401/04/11,1502986.10
1401/04/12,1507156.80
1401/04/13,1511072.50
1401/04/14,1502603.80
1401/04/19,1487597.80
1401/04/20,1483534.70
1401/04/21,1490051.80
1401/04/24,1480051.20
1401/04/25,1469832.40
1401/04/27,1468893.10
1401/04/28,1471898.10
1401/04/31,1473498.10
1401/05/02,1439416.80
1401/05/03,1438448.40
1401/05/04,1443712.60
1401/05/07,1440855.30
1401/05/08,1423496.70
1401/05/09,1427609.20
1401/05/10,1430021
1401/05/11,1437360.80
1401/05/14,1448922.60
1401/05/17,1451941.90
1401/05/18,1448464.50
1401/05/21,1467100.60
1401/05/22,1463653.50
1401/05/23,1463697.60
1401/05/24,1459500.60
1401/05/25,1451404.10
1401/05/28,1438819.20
1401/05/29,1429906.80
1401/05/30,1424490.90
1401/05/31,1431477.20
1401/06/01,1442372.90
1401/06/04,1450045.20
1401/06/05,1444086.80
1401/06/06,1445139
1401/06/07,1441217.10
1401/06/08,1439396.40
1401/06/11,1426941.20
1401/06/12,1426908.20
1401/06/13,1426779.60
1401/06/14,1420834.10
1401/06/15,1412856.50
1401/06/18,1397434.50
1401/06/19,1390732.30
1401/06/20,1388970.40
1401/06/21,1393126.70
1401/06/22,1389099
1401/06/26,1377917.40
1401/06/27,1373821.40
1401/06/28,1367060.40
1401/06/29,1355240.90
1401/07/01,1328185.90
1401/07/03,1334448.10
1401/07/05,1346563.50
1401/07/08,1330879.10
1401/07/09,1322025.80
1401/07/10,1318714.20
1401/07/11,1313853.10
1401/07/16,1305083
1401/07/17,1303920.40
1401/07/18,1313583.90
1401/07/19,1319789.70
1401/07/22,1317894.20
1401/07/23,1313714.50
1401/07/25,1312563.10
1401/07/26,1310165.90
1401/07/29,1308960
1401/07/30,1296797.80
1401/08/01,1277736.90
1401/08/02,1267060.70
1401/08/03,1241067.10
1401/08/06,1244627.30
1401/08/07,1254464.80
1401/08/08,1269833.40
1401/08/09,1280456.20
1401/08/10,1283540.80
1401/08/13,1328324.10
1401/08/14,1344675.90
1401/08/15,1389752.60
1401/08/16,1407734.10
1401/08/17,1414356.20
1401/08/20,1426096
1401/08/21,1419140.10
1401/08/22,1408174.30
1401/08/23,1410423.90
1401/08/24,1413573.70
1401/08/27,1403630.30
1401/08/28,1393086.20
1401/08/29,1408597.90
1401/08/30,1407654.10
1401/09/01,1410188.20
1401/09/05,1408208.90
1401/09/06,1408348.50
1401/09/07,1414204.60
1401/09/08,1417371.80
1401/09/11,1417719.90
1401/09/12,1417839.40
1401/09/13,1413604.70
1401/09/14,1409404.40
1401/09/15,1402830.40
1401/09/18,1383737.50
1401/09/19,1389368.40
1401/09/20,1409355.10
1401/09/21,1454481.60
1401/09/22,1472760.50
1401/09/25,1469933.20
1401/09/26,1500241.80
1401/09/27,1500908.60
1401/09/28,1492095.10
1401/09/29,1496200.80
1401/10/02,1538003.20
1401/10/03,1563567.40
1401/10/04,1576396.80
1401/10/06,1647314.50
1401/10/09,1590495.40
1401/10/10,1564365.70
1401/10/11,1593285
1401/10/12,1591353.90
1401/10/13,1579119.30
1401/10/16,1598061.40
1401/10/17,1635229.20
1401/10/18,1646905.80
1401/10/20,1668188.30
1401/10/23,1643714
1401/10/25,1680675.20
1401/10/26,1687047.70
1401/10/27,1689144.10
1401/10/30,1657576.70
1401/11/01,1652924.50
1401/11/02,1653948.60
1401/11/03,1646053.50
1401/11/04,1611955.90
1401/11/07,1600082.20
1401/11/08,1542190.70
1401/11/09,1539679.60
1401/11/10,1556551.90
1401/11/11,1557244
1401/11/15,1540189.20
1401/11/16,1537859.10
1401/11/17,1556516.40
1401/11/18,1558081.60
1401/11/22,1545978.30
1401/11/23,1548278.20
1401/11/24,1537961.70
1401/11/25,1524795
1401/11/29,1533366.50
1401/11/30,1594262.90
1401/12/01,1659416.40
1401/12/02,1656593.40
1401/12/05,1738782.30
1401/12/06,1804300.20
1401/12/07,1809073.80
1401/12/08,1838119.40
1401/12/09,1821771.10
1401/12/12,1788209.20
1401/12/13,1795955.20
1401/12/14,1785669.80
1401/12/15,1817611.50
1401/12/19,1816739.80
1401/12/20,1783197
1401/12/21,1781632.10
1401/12/22,1782987.70
1401/12/23,1820988
1401/12/26,1905745
1401/12/27,1960457.40
1402/01/04,1998281.40
1402/01/05,2018760.30
1402/01/06,2029198.20
1402/01/07,2044408.50
1402/01/08,2078712.30
1402/01/13,2089951.30
1402/01/14,2119105.90
1402/01/15,2137464.90
1402/01/18,2202385.50
1402/01/19,2212643
1402/01/20,2190307.20
1402/01/21,2179922.10
1402/01/25,2253946.40
1402/01/26,2275066.70
1402/01/27,2289287.40
1402/01/28,2325437.40
1402/01/29,2324132.70
1402/02/03,2326494.30
1402/02/05,2368712.30
1402/02/08,2438553
1402/02/09,2479339.70
1402/02/10,2480639.90
1402/02/11,2518331.80
1402/02/12,2514673.40
1402/02/15,2535236.60
1402/02/16,2440167.50
1402/02/17,2314408.40
1402/02/18,2305838.40
1402/02/19,2277713.10
1402/02/22,2214024.30
1402/02/23,2285904
1402/02/24,2301380.10
1402/02/26,2321336.10
1402/02/29,2297985.80
1402/02/30,2302705.50
1402/02/31,2318506.50
1402/03/01,2330799.10
1402/03/02,2345967.50
1402/03/05,2311221.80
1402/03/06,2257012.80
1402/03/07,2275394.70
1402/03/08,2288427
1402/03/09,2271042.40
1402/03/12,2279681.80
1402/03/15,2289549
1402/03/16,2288439
1402/03/19,2215058.30
1402/03/20,2212470
1402/03/21,2145415.10
1402/03/22,2155197.70
1402/03/23,2182106.90
1402/03/26,2182812.20
1402/03/27,2162916.90
1402/03/28,2164226.30
1402/03/29,2166947.40
1402/03/30,2173893.40
1402/04/02,2162616.30
1402/04/03,2189680.10
1402/04/04,2196127.80
1402/04/05,2168200.10
1402/04/06,2153408.10
1402/04/09,2143914.90
1402/04/10,2157377.10
1402/04/11,2183405.50
1402/04/12,2202092.50
1402/04/13,2202657
1402/07/11,2069749.24
1402/07/14,2052864.30
1402/07/15,2001266.67
1402/07/16,2005595.10
1402/07/17,2014066.89
1402/07/18,2019712.76
1402/07/21,2001462.88
1402/07/22,2001942.55
1402/07/23,2018165.84
1402/07/25,2023543.79
1402/07/28,2024972.78
1402/07/29,2032212.11
1402/08/01,2021903.44
1402/08/02,2000179.15
1402/08/10,1967830.64
1402/08/27,2028567.62
1402/08/28,2026262.40
1402/08/29,2022786.74
1402/09/01,2022595.56
1402/09/06,2026086.59
1402/09/08,2044474.10
1402/09/11,2087696.02
1402/09/12,2121199.15
1402/09/13,2165228.25
1402/09/14,2176503.65
1402/09/15,2171023.38
1402/09/18,2160965.02
1402/09/19,2161074.01
1402/09/20,2162560.36
1402/09/21,2161266.62
1402/09/22,2158088.45
1402/09/25,2171823.16
1402/09/27,2207653.06
1402/09/28,2211856.32
1402/10/02,2208343.20
1402/10/03,2200109.69
1402/10/04,2194499.76
1402/10/05,2178752.19
1402/10/06,2177410.50
1402/10/09,2182717.77
1402/10/10,2176102.50
1402/10/11,2168309.02
1402/10/12,2158766.53
1402/10/13,2155234.91
1402/10/16,2153710.60
1402/10/17,2154775.74
1402/10/18,2153955.80
1402/10/19,2156372.42
1402/10/20,2170964.07
1402/10/23,2180524.25
1402/10/24,2197290.12
1402/10/25,2194999.35
1402/10/26,2188637.72
1402/10/27,2185977.37
1402/10/30,2166927.86
1402/11/01,2153211.75
1402/11/02,2146563.32
1402/11/03,2120048.66
1402/11/04,2123491.41
1402/11/07,2126829.70
1402/11/08,2128027.65
1402/11/09,2120268.03
1402/11/10,2110339.44
1402/11/11,2107272.64
1402/11/14,2111083.35
1402/11/15,2100173.83
1402/11/16,2097247.43
1402/11/18,2098026.31
1402/11/21,2100104.33
1402/11/23,2091898.21
1402/11/24,2090317.88
1402/11/25,2078540.10
1402/11/28,2060019.98
1402/11/29,2064581.63
1402/11/30,2070775.31
1402/12/01,2071507.07
1402/12/02,2070816.17
1402/12/05,2066137.68
1402/12/07,2049784.46
1402/12/08,2046016.86
1402/12/09,2054827.15
1402/12/12,2086541.60
1402/12/13,2147088.74
1402/12/14,2172227.98
1402/12/16,2165752.68
1402/12/19,2163750.32
1402/12/20,2160224.66
1402/12/21,2161563.71
1402/12/22,2163500.96
1402/12/23,2150035.30
1402/12/26,2148494.01
1402/12/27,2160406.45
1402/12/28,2195092.30
1403/01/05,2236349.27
1403/01/06,2253602.21
1403/01/07,2249426.55
1403/01/08,2261386.24
1403/01/11,2261172.41
1403/01/14,2245265.27
1403/01/15,2250907.51
1403/01/18,2231022.80
1403/01/19,2234925.65
1403/01/20,2254853.03
1403/01/21,2261899.21
1403/01/25,2207970.15
1403/01/26,2196767.82
1403/01/27,2206907.84
1403/01/28,2201986.89
1403/02/16,2259745.23
1403/02/17,2239098.46
1403/02/18,2231424.01
1403/02/19,2219092.61
1403/02/22,2208284.88
1403/02/23,2193171.84
1403/02/24,2161422.58
1403/02/25,2165573.51
1403/02/26,2164692.26
1403/02/29,2168676.28
1403/02/30,2112560.33
1403/03/01,2114144.10
1403/03/05,2098482.71
1403/03/06,2079063.30
1403/03/07,2058131.89
1403/03/08,2069875.52
1403/03/09,2086080.15
1403/03/12,2094080.26
1403/03/13,2087686.36
1403/03/16,2082118.96
1403/03/19,2064389.53
1403/03/20,2061897.10
1403/03/21,2078090.73
1403/03/22,2081296.94
1403/03/23,2075720.49
1403/03/26,2061671.58
1403/03/27,2045317.92
